<?xml version="1.0" encoding="utf-8"?>
<bwFrame xmlns:xsd="http://www.w3.org/2001/XMLSchema" xmlns:xsi="http://www.w3.org/2001/XMLSchema-instance" default_layout="npnxnanbnsnfns00000000111" textdirection="ltr" textengine="DirectWrite" device="false" fontscale="100" captionFontScale="100" kbshortcuts="false" skip_nav_enabled="true" chromeless="false" outputtype="undefined" theme="unified" themeAccentColor="0xFF2323">
  <layouts>
    <layout name="npnxnanbsnfns10111000111" font="Montserrat" controllayout="npnxnanbsnfns10111000111" colorscheme="npnxnanbnsnfns00000000111" string_table="npnxnanbnsnfns00000000111" />
    <layout name="pxabnsnfns10111000111" font="Montserrat" controllayout="pxabnsnfns10111000111" colorscheme="npnxnanbnsnfns00000000111" string_table="npnxnanbnsnfns00000000111" />
    <layout name="npxnabnsnfns10111000111" font="Montserrat" controllayout="npxnabnsnfns10111000111" colorscheme="npnxnanbnsnfns00000000111" string_table="npnxnanbnsnfns00000000111" />
    <layout name="npnxnanbnsnfns10111000111" font="Montserrat" controllayout="npnxnanbnsnfns10111000111" colorscheme="npnxnanbnsnfns00000000111" string_table="npnxnanbnsnfns00000000111" />
    <layout name="pxabnsnfns10111000110" font="Montserrat" controllayout="pxabnsnfns10111000110" colorscheme="npnxnanbnsnfns00000000111" string_table="npnxnanbnsnfns00000000111" />
    <layout name="npnxnanbnsnfns00000000111" font="Montserrat" controllayout="npnxnanbnsnfns00000000111" colorscheme="npnxnanbnsnfns00000000111" string_table="npnxnanbnsnfns00000000111" />
    <layout name="pnxanbnsnfns10111000111" font="Montserrat" controllayout="pnxanbnsnfns10111000111" colorscheme="npnxnanbnsnfns00000000111" string_table="npnxnanbnsnfns00000000111" />
  </layouts>
  <control_options>
    <optiongroups>
      <optiongroup name="sidebaroptions">
        <options>
          <option name="title_enabled" value="true">
            <options>
              <option name="title_text" value="Merchandising KPIs" />
            </options>
          </option>
          <option name="logo_enabled" value="false">
            <options />
          </option>
          <option name="sidebar_enabled" value="false">
            <options>
              <option name="sidebarpos" value="left" />
              <option name="closed" value="true" />
            </options>
          </option>
          <optionlist name="tabs">
            <listitems>
              <listitem name="outline" value="true" group="linkright" />
              <listitem name="glossary" value="false" group="linkright" />
              <listitem name="resources" value="false" group="linkright" />
              <listitem name="customlink" value="true" group="linkright">
                <properties>
                  <property name="title" value="EXIT" />
                  <property name="data" value="5tjz9oRcIrA" />
                  <property name="ignoreSlideLock" value="true" />
                </properties>
              </listitem>
              <listitem name="transcript" value="false" group="sidebar" />
            </listitems>
          </optionlist>
          <option name="time_enabled" value="false">
            <options>
              <option name="time_format" value="none" />
            </options>
          </option>
          <option name="video_enabled" value="false">
            <options>
              <option name="height" value="135" />
            </options>
          </option>
          <option name="logoAltText" />
        </options>
      </optiongroup>
      <optiongroup name="menuoptions">
        <options>
          <option name="flow" value="free" />
          <option name="wraplistitems" value="true" />
          <option name="tooltips" value="true" />
          <option name="autocollapse" value="true" />
          <option name="autonumber" value="false" />
          <option name="enableresultsicons" value="true" />
        </options>
      </optiongroup>
      <optiongroup name="controls">
        <options>
          <option name="volume" value="true" />
          <option name="seekbar" value="true">
            <options>
              <option name="readonly" value="false" />
              <option name="readonlyOnce" value="false" />
            </options>
          </option>
          <option name="pauseplay" value="true" />
          <option name="replay" value="true" />
          <option name="search" value="true" />
          <option name="closed_captions" value="false" />
          <option name="settings" value="true" />
          <option name="fullScreenToggle" value="true" />
          <option name="playbackSpeedControl" value="true" />
        </options>
      </optiongroup>
      <optiongroup name="bottombaroptions">
        <options>
          <option name="bottombar_enabled" value="true" />
        </options>
      </optiongroup>
      <optiongroup name="buttonoptions">
        <options>
          <option name="next" value="icontext" />
          <option name="previous" value="icontext" />
          <option name="submit" value="icontext" />
        </options>
      </optiongroup>
      <optiongroup name="ccOptions">
        <options>
          <option name="font" value="Montserrat" />
          <option name="size" value="100" />
          <option name="placement" value="100" />
          <option name="backgroundColor" value="#000000FF" />
          <option name="color" value="#FFFFFFFF" />
        </options>
      </optiongroup>
    </optiongroups>
  </control_options>
  <control_layouts>
    <control_layout name="npnxnanbsnfns10111000111">
      <control name="volume" enabled="true" />
      <control name="seekbar" enabled="true" />
      <control name="replay" enabled="true" />
      <control name="pauseplay" enabled="true" />
      <control name="logo" enabled="false" />
      <control name="previous" enabled="false" />
      <control name="next" enabled="false" />
      <control name="swipeleft" enabled="false" />
      <control name="swiperight" enabled="false" />
      <control name="fullScreenToggle" enabled="true" />
      <control name="playbackSpeedControl" enabled="true" />
      <control name="submit" enabled="true" />
      <control name="finish" enabled="false" />
      <control name="submitall" enabled="false" />
      <control name="resources" enabled="false" />
      <control name="glossary" enabled="false" />
      <control name="transcript" enabled="false" />
      <control name="outline" enabled="true">
        <controls>
          <control name="search" enabled="true" />
        </controls>
      </control>
      <control name="close_btn" enabled="true" />
    </control_layout>
    <control_layout name="pxabnsnfns10111000111">
      <control name="volume" enabled="true" />
      <control name="seekbar" enabled="true" />
      <control name="replay" enabled="true" />
      <control name="pauseplay" enabled="true" />
      <control name="logo" enabled="false" />
      <control name="previous" enabled="true" />
      <control name="next" enabled="true" />
      <control name="swipeleft" enabled="true" />
      <control name="swiperight" enabled="true" />
      <control name="fullScreenToggle" enabled="true" />
      <control name="playbackSpeedControl" enabled="true" />
      <control name="submit" enabled="false" />
      <control name="finish" enabled="false" />
      <control name="submitall" enabled="false" />
      <control name="resources" enabled="false" />
      <control name="glossary" enabled="false" />
      <control name="transcript" enabled="false" />
      <control name="outline" enabled="true">
        <controls>
          <control name="search" enabled="true" />
        </controls>
      </control>
      <control name="close_btn" enabled="true" />
    </control_layout>
    <control_layout name="npxnabnsnfns10111000111">
      <control name="volume" enabled="true" />
      <control name="seekbar" enabled="true" />
      <control name="replay" enabled="true" />
      <control name="pauseplay" enabled="true" />
      <control name="logo" enabled="false" />
      <control name="previous" enabled="false" />
      <control name="next" enabled="true" />
      <control name="swipeleft" enabled="false" />
      <control name="swiperight" enabled="true" />
      <control name="fullScreenToggle" enabled="true" />
      <control name="playbackSpeedControl" enabled="true" />
      <control name="submit" enabled="false" />
      <control name="finish" enabled="false" />
      <control name="submitall" enabled="false" />
      <control name="resources" enabled="false" />
      <control name="glossary" enabled="false" />
      <control name="transcript" enabled="false" />
      <control name="outline" enabled="true">
        <controls>
          <control name="search" enabled="true" />
        </controls>
      </control>
      <control name="close_btn" enabled="true" />
    </control_layout>
    <control_layout name="npnxnanbnsnfns10111000111">
      <control name="volume" enabled="true" />
      <control name="seekbar" enabled="true" />
      <control name="replay" enabled="true" />
      <control name="pauseplay" enabled="true" />
      <control name="logo" enabled="false" />
      <control name="previous" enabled="false" />
      <control name="next" enabled="false" />
      <control name="swipeleft" enabled="false" />
      <control name="swiperight" enabled="false" />
      <control name="fullScreenToggle" enabled="true" />
      <control name="playbackSpeedControl" enabled="true" />
      <control name="submit" enabled="false" />
      <control name="finish" enabled="false" />
      <control name="submitall" enabled="false" />
      <control name="resources" enabled="false" />
      <control name="glossary" enabled="false" />
      <control name="transcript" enabled="false" />
      <control name="outline" enabled="true">
        <controls>
          <control name="search" enabled="true" />
        </controls>
      </control>
      <control name="close_btn" enabled="true" />
    </control_layout>
    <control_layout name="pxabnsnfns10111000110">
      <control name="volume" enabled="true" />
      <control name="seekbar" enabled="true" />
      <control name="replay" enabled="true" />
      <control name="pauseplay" enabled="true" />
      <control name="logo" enabled="false" />
      <control name="previous" enabled="true" />
      <control name="next" enabled="true" />
      <control name="swipeleft" enabled="true" />
      <control name="swiperight" enabled="true" />
      <control name="fullScreenToggle" enabled="true" />
      <control name="playbackSpeedControl" enabled="true" />
      <control name="submit" enabled="false" />
      <control name="finish" enabled="false" />
      <control name="submitall" enabled="false" />
      <control name="resources" enabled="false" />
      <control name="glossary" enabled="false" />
      <control name="transcript" enabled="false" />
      <control name="outline" enabled="true">
        <controls>
          <control name="search" enabled="true" />
        </controls>
      </control>
      <control name="close_btn" enabled="false" />
    </control_layout>
    <control_layout name="npnxnanbnsnfns00000000111">
      <control name="volume" enabled="true" />
      <control name="seekbar" enabled="false" />
      <control name="replay" enabled="false" />
      <control name="pauseplay" enabled="false" />
      <control name="logo" enabled="false" />
      <control name="previous" enabled="false" />
      <control name="next" enabled="false" />
      <control name="swipeleft" enabled="false" />
      <control name="swiperight" enabled="false" />
      <control name="fullScreenToggle" enabled="true" />
      <control name="playbackSpeedControl" enabled="true" />
      <control name="submit" enabled="false" />
      <control name="finish" enabled="false" />
      <control name="submitall" enabled="false" />
      <control name="resources" enabled="false" />
      <control name="glossary" enabled="false" />
      <control name="transcript" enabled="false" />
      <control name="outline" enabled="false">
        <controls>
          <control name="search" enabled="true" />
        </controls>
      </control>
      <control name="close_btn" enabled="true" />
    </control_layout>
    <control_layout name="pnxanbnsnfns10111000111">
      <control name="volume" enabled="true" />
      <control name="seekbar" enabled="true" />
      <control name="replay" enabled="true" />
      <control name="pauseplay" enabled="true" />
      <control name="logo" enabled="false" />
      <control name="previous" enabled="true" />
      <control name="next" enabled="false" />
      <control name="swipeleft" enabled="true" />
      <control name="swiperight" enabled="false" />
      <control name="fullScreenToggle" enabled="true" />
      <control name="playbackSpeedControl" enabled="true" />
      <control name="submit" enabled="false" />
      <control name="finish" enabled="false" />
      <control name="submitall" enabled="false" />
      <control name="resources" enabled="false" />
      <control name="glossary" enabled="false" />
      <control name="transcript" enabled="false" />
      <control name="outline" enabled="true">
        <controls>
          <control name="search" enabled="true" />
        </controls>
      </control>
      <control name="close_btn" enabled="true" />
    </control_layout>
  </control_layouts>
  <colorschemes>
    <colorscheme name="npnxnanbnsnfns00000000111">
      <color_group name="accessibility">
        <group_colors>
          <color name="focus_rect">
            <fill type="linear" rotation="90">
              <colors>
                <color rgb="0xFFFF00" alpha="100" stop="0" />
              </colors>
            </fill>
          </color>
          <color name="focus_rect_secondary">
            <fill type="linear" rotation="90">
              <colors>
                <color rgb="0x002060" alpha="100" stop="0" />
              </colors>
            </fill>
          </color>
        </group_colors>
      </color_group>
      <color_group name="HTML">
        <group_colors>
          <color name="htmlpage_bg_color">
            <fill type="linear" rotation="90">
              <colors>
                <color rgb="0x282828" alpha="100" stop="0" />
              </colors>
            </fill>
          </color>
          <color name="preloader">
            <fill type="linear" rotation="90">
              <colors>
                <color rgb="0xFFFFFF" alpha="100" stop="0" />
              </colors>
            </fill>
          </color>
        </group_colors>
      </color_group>
      <color_group name="infopanel">
        <group_colors>
          <color name="link_text">
            <fill type="linear" rotation="90">
              <colors>
                <color rgb="0xBABBBA" alpha="100" stop="0" />
              </colors>
            </fill>
          </color>
          <color name="link_hover">
            <fill type="linear" rotation="90">
              <colors>
                <color rgb="0xFFFFFF" alpha="100" stop="0" />
              </colors>
            </fill>
          </color>
          <color name="shadow">
            <fill type="linear" rotation="90">
              <colors>
                <color rgb="0x000000" alpha="0" stop="0" />
              </colors>
            </fill>
          </color>
          <color name="bg">
            <fill type="linear" rotation="90">
              <colors>
                <color rgb="0xFFFFFF" alpha="100" stop="0" />
              </colors>
            </fill>
          </color>
          <color name="name_text">
            <fill type="linear" rotation="90">
              <colors>
                <color rgb="0x444444" alpha="100" stop="0" />
              </colors>
            </fill>
          </color>
          <color name="title_text">
            <fill type="linear" rotation="90">
              <colors>
                <color rgb="0x999999" alpha="100" stop="0" />
              </colors>
            </fill>
          </color>
        </group_colors>
      </color_group>
      <color_group name="infopanelpopup">
        <group_colors>
          <color name="link_text">
            <fill type="linear" rotation="90">
              <colors>
                <color rgb="0xFF0000" alpha="100" stop="0" />
              </colors>
            </fill>
          </color>
          <color name="link_hover">
            <fill type="linear" rotation="90">
              <colors>
                <color rgb="0xFFFFFF" alpha="100" stop="0" />
              </colors>
            </fill>
          </color>
          <color name="bg">
            <fill type="linear" rotation="90">
              <colors>
                <color rgb="0x000000" alpha="0" stop="0" />
              </colors>
            </fill>
          </color>
          <color name="shadow">
            <fill type="linear" rotation="90">
              <colors>
                <color rgb="0x000000" alpha="0" stop="0" />
              </colors>
            </fill>
          </color>
          <color name="name_text">
            <fill type="linear" rotation="90">
              <colors>
                <color rgb="0xFFFFFF" alpha="100" stop="0" />
              </colors>
            </fill>
          </color>
          <color name="bio_text">
            <fill type="linear" rotation="90">
              <colors>
                <color rgb="0xBABBBA" alpha="100" stop="0" />
              </colors>
            </fill>
          </color>
        </group_colors>
      </color_group>
      <color_group name="timer">
        <group_colors>
          <color name="duration">
            <fill type="linear" rotation="90">
              <colors>
                <color rgb="0x3C3C3C" alpha="100" stop="0" />
              </colors>
            </fill>
          </color>
          <color name="elapsed">
            <fill type="linear" rotation="90">
              <colors>
                <color rgb="0xFEE347" alpha="100" stop="0" />
              </colors>
            </fill>
          </color>
          <color name="stroke">
            <fill type="linear" rotation="90">
              <colors>
                <color rgb="0xC7C7C7" alpha="100" stop="0" />
              </colors>
            </fill>
          </color>
          <color name="inner">
            <fill type="linear" rotation="90">
              <colors>
                <color rgb="0xFFFFFF" alpha="100" stop="0" />
              </colors>
            </fill>
          </color>
          <color name="text">
            <fill type="linear" rotation="90">
              <colors>
                <color rgb="0xBABBBA" alpha="100" stop="0" />
              </colors>
            </fill>
          </color>
        </group_colors>
      </color_group>
      <color_group name="window">
        <group_colors>
          <color name="text">
            <fill type="linear" rotation="90">
              <colors>
                <color rgb="0xF8F8F8" alpha="100" stop="0" />
              </colors>
            </fill>
          </color>
          <color name="btn_text">
            <fill type="linear" rotation="90">
              <colors>
                <color rgb="0xF8F8F8" alpha="100" stop="0" />
              </colors>
            </fill>
          </color>
          <color name="inner">
            <fill type="linear" rotation="90">
              <colors>
                <color rgb="0x316300" alpha="0" stop="0" />
              </colors>
            </fill>
          </color>
          <color name="bg">
            <fill type="linear" rotation="90">
              <colors>
                <color rgb="0x212121" alpha="100" stop="0" />
              </colors>
            </fill>
          </color>
          <color name="diva">
            <fill type="linear" rotation="90">
              <colors>
                <color rgb="0x4E4E4E" alpha="100" stop="0" />
              </colors>
            </fill>
          </color>
          <color name="divb">
            <fill type="linear" rotation="90">
              <colors>
                <color rgb="0x4E4E4E" alpha="0" stop="0" />
              </colors>
            </fill>
          </color>
          <color name="shadow">
            <fill type="linear" rotation="90">
              <colors>
                <color rgb="0x000000" alpha="20" stop="0" />
              </colors>
            </fill>
          </color>
          <color name="border">
            <fill type="linear" rotation="90">
              <colors>
                <color rgb="0x454545" alpha="100" stop="0" />
              </colors>
            </fill>
          </color>
          <color name="separator">
            <fill type="linear" rotation="90">
              <colors>
                <color rgb="0xFFFFFF" alpha="100" stop="0" />
              </colors>
            </fill>
          </color>
          <color name="selected_border">
            <fill type="linear" rotation="90">
              <colors>
                <color rgb="0xFFFFFF" alpha="100" stop="0" />
              </colors>
            </fill>
          </color>
        </group_colors>
      </color_group>
      <color_group name="editor">
        <group_colors>
          <color name="slide_text">
            <fill type="linear" rotation="90">
              <colors>
                <color rgb="0xE2E2E2" alpha="100" stop="0" />
              </colors>
            </fill>
          </color>
          <color name="html_text">
            <fill type="linear" rotation="90">
              <colors>
                <color rgb="0xBABBBA" alpha="100" stop="0" />
              </colors>
            </fill>
          </color>
          <color name="btn_text_shadow">
            <fill type="linear" rotation="90">
              <colors>
                <color rgb="0x000000" alpha="0" stop="0" />
              </colors>
            </fill>
          </color>
          <color name="btn_text">
            <fill type="linear" rotation="90">
              <colors>
                <color rgb="0xFFFFFF" alpha="100" stop="0" />
              </colors>
            </fill>
          </color>
          <color name="btn_border">
            <fill type="linear" rotation="90">
              <colors>
                <color rgb="0xD3D3D3" alpha="100" stop="0" />
              </colors>
            </fill>
          </color>
          <color name="btn_hover">
            <fill type="linear" rotation="90">
              <colors>
                <color rgb="0x444444" alpha="100" stop="0" />
              </colors>
            </fill>
          </color>
          <color name="btn_down">
            <fill type="linear" rotation="90">
              <colors>
                <color rgb="0x444444" alpha="100" stop="0" />
              </colors>
            </fill>
          </color>
          <color name="btn_bg">
            <fill type="linear" rotation="90">
              <colors>
                <color rgb="0x222222" alpha="100" stop="0" />
              </colors>
            </fill>
          </color>
        </group_colors>
      </color_group>
      <color_group name="listitem">
        <group_colors>
          <color name="scene_text">
            <fill type="linear" rotation="90">
              <colors>
                <color rgb="0xF8F8F8" alpha="100" stop="0" />
              </colors>
            </fill>
          </color>
          <color name="selected_text">
            <fill type="linear" rotation="90" />
          </color>
          <color name="shadow">
            <fill type="linear" rotation="90" />
          </color>
          <color name="selected">
            <fill type="linear" rotation="90" />
          </color>
          <color name="text">
            <fill type="linear" rotation="90">
              <colors>
                <color rgb="0xBABBBA" alpha="100" stop="0" />
              </colors>
            </fill>
          </color>
          <color name="viewed">
            <fill type="linear" rotation="90">
              <colors>
                <color rgb="0xBABBBA" alpha="100" stop="0" />
              </colors>
            </fill>
          </color>
          <color name="hover">
            <fill type="linear" rotation="90">
              <colors>
                <color rgb="0xFFFFFF" alpha="6" stop="0" />
              </colors>
            </fill>
          </color>
          <color name="lines">
            <fill type="linear" rotation="90" />
          </color>
          <color name="selected_hover_border">
            <fill type="linear" rotation="90">
              <colors>
                <color rgb="0x6C6C6C" alpha="100" stop="0" />
              </colors>
            </fill>
          </color>
        </group_colors>
      </color_group>
      <color_group name="glossary">
        <group_colors>
          <color name="selected_text">
            <fill type="linear" rotation="90">
              <colors>
                <color rgb="0xFFFFFF" alpha="100" stop="0" />
              </colors>
            </fill>
          </color>
          <color name="selected">
            <fill type="linear" rotation="90">
              <colors>
                <color rgb="0xFFFFFF" alpha="100" stop="0" />
              </colors>
            </fill>
          </color>
          <color name="text">
            <fill type="linear" rotation="90">
              <colors>
                <color rgb="0xBABBBA" alpha="100" stop="0" />
              </colors>
            </fill>
          </color>
          <color name="hover">
            <fill type="linear" rotation="90">
              <colors>
                <color rgb="0xBABBBA" alpha="100" stop="0" />
              </colors>
            </fill>
          </color>
          <color name="heading_text">
            <fill type="linear" rotation="90">
              <colors>
                <color rgb="0xF8F8F8" alpha="100" stop="0" />
              </colors>
            </fill>
          </color>
          <color name="diva">
            <fill type="linear" rotation="90">
              <colors>
                <color rgb="0x000000" alpha="0" stop="0" />
              </colors>
            </fill>
          </color>
          <color name="divb">
            <fill type="linear" rotation="90">
              <colors>
                <color rgb="0x000000" alpha="0" stop="0" />
              </colors>
            </fill>
          </color>
          <color name="divc">
            <fill type="linear" rotation="90">
              <colors>
                <color rgb="0x000000" alpha="0" stop="0" />
              </colors>
            </fill>
          </color>
          <color name="bg">
            <fill type="linear" rotation="90">
              <colors>
                <color rgb="0x000000" alpha="0" stop="0" />
              </colors>
            </fill>
          </color>
        </group_colors>
      </color_group>
      <color_group name="notes">
        <group_colors>
          <color name="text">
            <fill type="linear" rotation="90">
              <colors>
                <color rgb="0xBABBBA" alpha="100" stop="0" />
              </colors>
            </fill>
          </color>
        </group_colors>
      </color_group>
      <color_group name="resource">
        <group_colors>
          <color name="separator">
            <fill type="linear" rotation="90">
              <colors>
                <color rgb="0x000000" alpha="0" stop="0" />
              </colors>
            </fill>
          </color>
          <color name="hover">
            <fill type="linear" rotation="90">
              <colors>
                <color rgb="0xFFFFFF" alpha="6" stop="0" />
              </colors>
            </fill>
          </color>
        </group_colors>
      </color_group>
      <color_group name="outline">
        <group_colors>
          <color name="search_hover">
            <fill type="linear" rotation="90">
              <colors>
                <color rgb="0x000000" alpha="0" stop="0" />
              </colors>
            </fill>
          </color>
          <color name="search_text">
            <fill type="linear" rotation="90">
              <colors>
                <color rgb="0x2D2D2D" alpha="100" stop="0" />
              </colors>
            </fill>
          </color>
          <color name="divc">
            <fill type="linear" rotation="90">
              <colors>
                <color rgb="0x000000" alpha="0" stop="0" />
              </colors>
            </fill>
          </color>
          <color name="divb">
            <fill type="linear" rotation="90">
              <colors>
                <color rgb="0x000000" alpha="0" stop="0" />
              </colors>
            </fill>
          </color>
          <color name="diva">
            <fill type="linear" rotation="90">
              <colors>
                <color rgb="0x000000" alpha="0" stop="0" />
              </colors>
            </fill>
          </color>
        </group_colors>
      </color_group>
      <color_group name="transcript">
        <group_colors>
          <color name="heading_text">
            <fill type="linear" rotation="90">
              <colors>
                <color rgb="0xFFFFFF" alpha="100" stop="0" />
              </colors>
            </fill>
          </color>
          <color name="div">
            <fill type="linear" rotation="90">
              <colors>
                <color rgb="0x000000" alpha="0" stop="0" />
              </colors>
            </fill>
          </color>
        </group_colors>
      </color_group>
      <color_group name="tabs">
        <group_colors>
          <color name="shadow">
            <fill type="linear" rotation="90">
              <colors>
                <color rgb="0x000000" alpha="0" stop="0" />
              </colors>
            </fill>
          </color>
          <color name="hover">
            <fill type="linear" rotation="90">
              <colors>
                <color rgb="0xF8F8F8" alpha="100" stop="0" />
              </colors>
            </fill>
          </color>
          <color name="selected">
            <fill type="linear" rotation="90">
              <colors>
                <color rgb="0xF8F8F8" alpha="100" stop="0" />
              </colors>
            </fill>
          </color>
          <color name="text">
            <fill type="linear" rotation="90">
              <colors>
                <color rgb="0xBABBBA" alpha="100" stop="0" />
              </colors>
            </fill>
          </color>
          <color name="bg">
            <fill type="linear" rotation="90">
              <colors>
                <color rgb="0x000000" alpha="0" stop="0" />
              </colors>
            </fill>
          </color>
          <color name="panel_bg">
            <fill type="linear" rotation="90">
              <colors>
                <color rgb="0x212121" alpha="100" stop="0" />
              </colors>
            </fill>
          </color>
          <color name="bottom_border">
            <fill type="linear" rotation="90">
              <colors>
                <color rgb="0x6C6C6C" alpha="100" stop="0" />
              </colors>
            </fill>
          </color>
        </group_colors>
      </color_group>
      <color_group name="seekcontrol">
        <group_colors>
          <color name="btn_icon_color">
            <fill type="linear" rotation="90">
              <colors>
                <color rgb="0xB4B4B4" alpha="100" stop="0" />
              </colors>
            </fill>
          </color>
          <color name="seek_position">
            <fill type="linear" rotation="90">
              <colors>
                <color rgb="0xFFFFFF" alpha="60" stop="0" />
              </colors>
            </fill>
          </color>
          <color name="seek_bg">
            <fill type="linear" rotation="90">
              <colors>
                <color rgb="0x6C6C6C" alpha="100" stop="0" />
              </colors>
            </fill>
          </color>
          <color name="seek_border">
            <fill type="linear" rotation="90">
              <colors>
                <color rgb="0x000000" alpha="0" stop="0" />
              </colors>
            </fill>
          </color>
          <color name="border">
            <fill type="linear" rotation="90">
              <colors>
                <color rgb="0x000000" alpha="0" stop="0" />
              </colors>
            </fill>
          </color>
          <color name="bg">
            <fill type="linear" rotation="90">
              <colors>
                <color rgb="0x000000" alpha="0" stop="0" />
              </colors>
            </fill>
          </color>
          <color name="btn_icon_hover">
            <fill type="linear" rotation="90">
              <colors>
                <color rgb="0xFFFFFF" alpha="100" stop="0" />
              </colors>
            </fill>
          </color>
          <color name="btn_icon_shadow">
            <fill type="linear" rotation="90">
              <colors>
                <color rgb="0x000000" alpha="0" stop="0" />
              </colors>
            </fill>
          </color>
        </group_colors>
      </color_group>
      <color_group name="searchinput">
        <group_colors>
          <color name="text_active">
            <fill type="linear" rotation="90">
              <colors>
                <color rgb="0xF8F8F8" alpha="100" stop="0" />
              </colors>
            </fill>
          </color>
          <color name="bg_active">
            <fill type="linear" rotation="90">
              <colors>
                <color rgb="0x292929" alpha="100" stop="0" />
              </colors>
            </fill>
          </color>
          <color name="search_text">
            <fill type="linear" rotation="90">
              <colors>
                <color rgb="0xBABBBA" alpha="100" stop="0" />
              </colors>
            </fill>
          </color>
          <color name="hover_glow">
            <fill type="linear" rotation="90">
              <colors>
                <color rgb="0x457E13" alpha="0" stop="0" />
              </colors>
            </fill>
          </color>
          <color name="button_hover">
            <fill type="linear" rotation="90">
              <colors>
                <color rgb="0x3F8500" alpha="100" stop="0" />
              </colors>
            </fill>
          </color>
          <color name="icon">
            <fill type="linear" rotation="90">
              <colors>
                <color rgb="0xBABBBA" alpha="100" stop="0" />
              </colors>
            </fill>
          </color>
          <color name="border">
            <fill type="linear" rotation="90">
              <colors>
                <color rgb="0x000000" alpha="0" stop="0" />
              </colors>
            </fill>
          </color>
          <color name="outer_border">
            <fill type="linear" rotation="90">
              <colors>
                <color rgb="0x6C6C6C" alpha="100" stop="0" />
              </colors>
            </fill>
          </color>
          <color name="bg">
            <fill type="linear" rotation="90">
              <colors>
                <color rgb="0xFFFFFF" alpha="6" stop="0" />
              </colors>
            </fill>
          </color>
          <color name="bg_in_tab">
            <fill type="linear" rotation="90">
              <colors>
                <color rgb="0x545454" alpha="100" stop="0" />
              </colors>
            </fill>
          </color>
        </group_colors>
      </color_group>
      <color_group name="scrollarea">
        <group_colors>
          <color name="detailb">
            <fill type="linear" rotation="90">
              <colors>
                <color rgb="0x6AA242" alpha="100" stop="0" />
              </colors>
            </fill>
          </color>
          <color name="detaila">
            <fill type="linear" rotation="90">
              <colors>
                <color rgb="0x2A5400" alpha="100" stop="0" />
              </colors>
            </fill>
          </color>
          <color name="shadow">
            <fill type="linear" rotation="90">
              <colors>
                <color rgb="0x275000" alpha="100" stop="0" />
              </colors>
            </fill>
          </color>
          <color name="icons">
            <fill type="linear" rotation="90">
              <colors>
                <color rgb="0xFFFFFF" alpha="100" stop="0" />
              </colors>
            </fill>
          </color>
          <color name="button_border">
            <fill type="linear" rotation="90">
              <colors>
                <color rgb="0x2A5500" alpha="100" stop="0" />
              </colors>
            </fill>
          </color>
          <color name="button_inner">
            <fill type="linear" rotation="90">
              <colors>
                <color rgb="0x4B8A16" alpha="100" stop="0" />
              </colors>
            </fill>
          </color>
          <color name="button_bg">
            <fill type="linear" rotation="90">
              <colors>
                <color rgb="0xB3B4B3" alpha="75" stop="0" />
              </colors>
            </fill>
          </color>
          <color name="button_bg_hover">
            <fill type="linear" rotation="90">
              <colors>
                <color rgb="0xB3B4B3" alpha="75" stop="0" />
              </colors>
            </fill>
          </color>
          <color name="border">
            <fill type="linear" rotation="90">
              <colors>
                <color rgb="0x479901" alpha="100" stop="0" />
              </colors>
            </fill>
          </color>
          <color name="bg">
            <fill type="linear" rotation="0">
              <colors>
                <color rgb="0x366F00" alpha="100" stop="0" />
              </colors>
            </fill>
          </color>
        </group_colors>
      </color_group>
      <color_group name="menu">
        <group_colors>
          <color name="shadow">
            <fill type="linear" rotation="90">
              <colors>
                <color rgb="0x000000" alpha="0" stop="0" />
              </colors>
            </fill>
          </color>
          <color name="bg">
            <fill type="linear" rotation="90">
              <colors>
                <color rgb="0x212121" alpha="100" stop="0" />
              </colors>
            </fill>
          </color>
          <color name="generic_shadow">
            <fill type="linear" rotation="90">
              <colors>
                <color rgb="0x000000" alpha="94" stop="0" />
              </colors>
            </fill>
          </color>
          <color name="right_shadow">
            <fill type="linear" rotation="0">
              <colors>
                <color rgb="0x000000" alpha="0" stop="0" />
                <color rgb="0x000000" alpha="30" stop="255" />
              </colors>
            </fill>
          </color>
          <color name="border">
            <fill type="linear" rotation="90">
              <colors>
                <color rgb="0x454545" alpha="100" stop="0" />
              </colors>
            </fill>
          </color>
        </group_colors>
      </color_group>
      <color_group name="logo">
        <group_colors>
          <color name="shadow">
            <fill type="linear" rotation="90">
              <colors>
                <color rgb="0x254B00" alpha="100" stop="0" />
              </colors>
            </fill>
          </color>
          <color name="bg">
            <fill type="linear" rotation="90">
              <colors>
                <color rgb="0xFFFFFF" alpha="0" stop="0" />
              </colors>
            </fill>
          </color>
        </group_colors>
      </color_group>
      <color_group name="checkbox">
        <group_colors>
          <color name="hover">
            <fill type="linear" rotation="90">
              <colors>
                <color rgb="0xAFDD82" alpha="100" stop="0" />
              </colors>
            </fill>
          </color>
          <color name="text">
            <fill type="linear" rotation="90">
              <colors>
                <color rgb="0xFFFFFF" alpha="100" stop="0" />
              </colors>
            </fill>
          </color>
          <color name="check">
            <fill type="linear" rotation="90">
              <colors>
                <color rgb="0x2BC400" alpha="100" stop="0" />
              </colors>
            </fill>
          </color>
          <color name="bg">
            <fill type="linear" rotation="90">
              <colors>
                <color rgb="0xFFFFFF" alpha="100" stop="0" />
              </colors>
            </fill>
          </color>
          <color name="border">
            <fill type="linear" rotation="90">
              <colors>
                <color rgb="0x2A5300" alpha="100" stop="0" />
              </colors>
            </fill>
          </color>
        </group_colors>
      </color_group>
      <color_group name="button">
        <group_colors>
          <color name="btn_icon_color">
            <fill type="linear" rotation="90">
              <colors>
                <color rgb="0xBABBBA" alpha="100" stop="0" />
              </colors>
            </fill>
          </color>
          <color name="btn_text_shadow">
            <fill type="linear" rotation="90">
              <colors>
                <color rgb="0x000000" alpha="0" stop="0" />
              </colors>
            </fill>
          </color>
          <color name="btn_text">
            <fill type="linear" rotation="90">
              <colors>
                <color rgb="0xBABBBA" alpha="100" stop="0" />
              </colors>
            </fill>
          </color>
          <color name="btn_border">
            <fill type="linear" rotation="90">
              <colors>
                <color rgb="0x000000" alpha="0" stop="0" />
              </colors>
            </fill>
          </color>
          <color name="btn_hover">
            <fill type="linear" rotation="90">
              <colors>
                <color rgb="0xF8F8F8" alpha="100" stop="0" />
              </colors>
            </fill>
          </color>
          <color name="btn_down">
            <fill type="linear" rotation="90">
              <colors>
                <color rgb="0x000000" alpha="0" stop="0" />
              </colors>
            </fill>
          </color>
          <color name="btn_bg">
            <fill type="linear" rotation="90">
              <colors>
                <color rgb="0x000000" alpha="0" stop="0" />
              </colors>
            </fill>
          </color>
          <color name="btn_glow">
            <fill type="linear" rotation="90">
              <colors>
                <color rgb="0x000000" alpha="0" stop="0" />
              </colors>
            </fill>
          </color>
          <color name="btn_on_dark_background">
            <fill type="linear" rotation="90">
              <colors>
                <color rgb="0xBABBBA" alpha="100" stop="0" />
              </colors>
            </fill>
          </color>
          <color name="btn_on_dark_background_hover">
            <fill type="linear" rotation="90">
              <colors>
                <color rgb="0xF8F8F8" alpha="100" stop="0" />
              </colors>
            </fill>
          </color>
        </group_colors>
      </color_group>
      <color_group name="base">
        <group_colors>
          <color name="brandhighlight">
            <fill type="linear" rotation="90">
              <colors>
                <color rgb="0xFF2323" alpha="100" stop="0" />
              </colors>
            </fill>
          </color>
          <color name="brandhighlight_secondary">
            <fill type="linear" rotation="90">
              <colors>
                <color rgb="0xFFFFFF" alpha="100" stop="0" />
              </colors>
            </fill>
          </color>
          <color name="text">
            <fill type="linear" rotation="90">
              <colors>
                <color rgb="0xBABBBA" alpha="100" stop="0" />
              </colors>
            </fill>
          </color>
          <color name="text_hover">
            <fill type="linear" rotation="90">
              <colors>
                <color rgb="0xF8F8F8" alpha="100" stop="0" />
              </colors>
            </fill>
          </color>
          <color name="text_selected">
            <fill type="linear" rotation="90">
              <colors>
                <color rgb="0xF8F8F8" alpha="100" stop="0" />
              </colors>
            </fill>
          </color>
          <color name="diva">
            <fill type="linear" rotation="90">
              <colors>
                <color rgb="0x454545" alpha="100" stop="0" />
              </colors>
            </fill>
          </color>
          <color name="divb">
            <fill type="linear" rotation="90">
              <colors>
                <color rgb="0x000000" alpha="0" stop="0" />
              </colors>
            </fill>
          </color>
          <color name="menu_shade">
            <fill type="linear" rotation="90">
              <colors>
                <color rgb="0x212121" alpha="100" stop="0" />
              </colors>
            </fill>
          </color>
          <color name="border">
            <fill type="linear" rotation="90">
              <colors>
                <color rgb="0x282828" alpha="100" stop="0" />
              </colors>
            </fill>
          </color>
          <color name="bg">
            <fill type="linear" rotation="90">
              <colors>
                <color rgb="0x282828" alpha="100" stop="0" />
              </colors>
            </fill>
          </color>
          <color name="slide_bg">
            <fill type="linear" rotation="90">
              <colors>
                <color rgb="0x282828" alpha="100" stop="0" />
              </colors>
            </fill>
          </color>
          <color name="overlay_message">
            <fill type="linear" rotation="90">
              <colors>
                <color rgb="0x000000" alpha="85" stop="0" />
              </colors>
            </fill>
          </color>
          <color name="selected_bg">
            <fill type="linear" rotation="90">
              <colors>
                <color rgb="0xFFFFFF" alpha="6" stop="0" />
              </colors>
            </fill>
          </color>
          <color name="selected_border">
            <fill type="linear" rotation="90">
              <colors>
                <color rgb="0x6C6C6C" alpha="100" stop="0" />
              </colors>
            </fill>
          </color>
          <color name="separator">
            <fill type="linear" rotation="90">
              <colors>
                <color rgb="0x454545" alpha="100" stop="0" />
              </colors>
            </fill>
          </color>
          <color name="control_border">
            <fill type="linear" rotation="90">
              <colors>
                <color rgb="0x6C6C6C" alpha="100" stop="0" />
              </colors>
            </fill>
          </color>
        </group_colors>
      </color_group>
      <color_group name="settings">
        <group_colors>
          <color name="panel_bg">
            <fill type="linear" rotation="90">
              <colors>
                <color rgb="0x212121" alpha="100" stop="0" />
              </colors>
            </fill>
          </color>
          <color name="panel_shadow">
            <fill type="linear" rotation="90">
              <colors>
                <color rgb="0x000000" alpha="35" stop="0" />
              </colors>
            </fill>
          </color>
          <color name="toggle_border">
            <fill type="linear" rotation="90">
              <colors>
                <color rgb="0x7C7C7C" alpha="100" stop="0" />
              </colors>
            </fill>
          </color>
          <color name="toggle_thumb_off">
            <fill type="linear" rotation="90">
              <colors>
                <color rgb="0xA2A2A2" alpha="100" stop="0" />
              </colors>
            </fill>
          </color>
          <color name="toggle_track_on">
            <fill type="linear" rotation="90">
              <colors>
                <color rgb="0xFF2323" alpha="100" stop="0" />
              </colors>
            </fill>
          </color>
          <color name="toggle_track_off">
            <fill type="linear" rotation="90">
              <colors>
                <color rgb="0xFFFFFF" alpha="10" stop="0" />
              </colors>
            </fill>
          </color>
          <color name="toggle_label">
            <fill type="linear" rotation="90">
              <colors>
                <color rgb="0xBABBBA" alpha="100" stop="0" />
              </colors>
            </fill>
          </color>
          <color name="settings_border_color">
            <fill type="linear" rotation="90">
              <colors>
                <color rgb="0x454545" alpha="100" stop="0" />
              </colors>
            </fill>
          </color>
        </group_colors>
      </color_group>
      <color_group name="volume">
        <group_colors>
          <color name="panel_bg">
            <fill type="linear" rotation="90">
              <colors>
                <color rgb="0x212121" alpha="100" stop="0" />
              </colors>
            </fill>
          </color>
          <color name="thumb_border">
            <fill type="linear" rotation="90">
              <colors>
                <color rgb="0x2B5500" alpha="100" stop="0" />
              </colors>
            </fill>
          </color>
          <color name="thumb_inner">
            <fill type="linear" rotation="90">
              <colors>
                <color rgb="0x2B5500" alpha="100" stop="0" />
              </colors>
            </fill>
          </color>
          <color name="thumb_bg">
            <fill type="linear" rotation="90">
              <colors>
                <color rgb="0xFFFFFF" alpha="100" stop="0" />
              </colors>
            </fill>
          </color>
          <color name="slider_border">
            <fill type="linear" rotation="90">
              <colors>
                <color rgb="0x428C01" alpha="100" stop="0" />
              </colors>
            </fill>
          </color>
          <color name="slider_bg">
            <fill type="linear" rotation="0">
              <colors>
                <color rgb="0x6C6C6C" alpha="100" stop="0" />
              </colors>
            </fill>
          </color>
          <color name="slider_shadow">
            <fill type="linear" rotation="90">
              <colors>
                <color rgb="0x000000" alpha="40" stop="0" />
              </colors>
            </fill>
          </color>
          <color name="volume_border_color">
            <fill type="linear" rotation="90">
              <colors>
                <color rgb="0x454545" alpha="100" stop="0" />
              </colors>
            </fill>
          </color>
        </group_colors>
      </color_group>
    </colorscheme>
  </colorschemes>
  <string_tables>
    <string_table name="npnxnanbnsnfns00000000111">
      <string id="acc_active">active</string>
      <string id="acc_cc_hide">Hide captions (Ctrl+Alt+C)</string>
      <string id="acc_cc_show">Show captions (Ctrl+Alt+C)</string>
      <string id="acc_closed_captions">Closed captions.</string>
      <string id="acc_definition">definition</string>
      <string id="acc_enter_fullscreen">Enter full-screen mode</string>
      <string id="acc_exit_fullscreen">Exit full-screen mode</string>
      <string id="acc_finish">finish</string>
      <string id="acc_locked">locked</string>
      <string id="acc_modern_video_captions">video captions</string>
      <string id="acc_modern_video_fullscreen">full-screen video</string>
      <string id="acc_modern_video_mute">mute video</string>
      <string id="acc_modern_video_pause">pause video</string>
      <string id="acc_modern_video_pip">picture-in-picture</string>
      <string id="acc_modern_video_play">play video</string>
      <string id="acc_modern_video_playback_speed">playback speed</string>
      <string id="acc_modern_video_settings">video settings</string>
      <string id="acc_modern_video_transcript">Open</string>
      <string id="acc_modern_video_volume">video volume</string>
      <string id="acc_mute">Mute (Ctrl+Alt+M)</string>
      <string id="acc_next">next</string>
      <string id="acc_next_visual">Next (Ctrl+Alt+.)</string>
      <string id="acc_pause">pause</string>
      <string id="acc_play">play</string>
      <string id="acc_playback_speed">playback speed</string>
      <string id="acc_previous">previous</string>
      <string id="acc_previous_visual">Previous (Ctrl+Alt+,)</string>
      <string id="acc_replay">replay</string>
      <string id="acc_resources">resources</string>
      <string id="acc_search_input">search</string>
      <string id="acc_settings">Settings</string>
      <string id="acc_skipnavigation">Back to top</string>
      <string id="acc_slide_progress">slide progress</string>
      <string id="acc_submit">submit</string>
      <string id="acc_submitall">submit all</string>
      <string id="acc_three_image_count_of_total_item_visited">%count% of %total% item visited</string>
      <string id="acc_three_image_count_of_total_items_visited">%count% of %total% items visited</string>
      <string id="acc_three_image_step_count_of_total">step %count% of %total%</string>
      <string id="acc_unmute">Unmute (Ctrl+Alt+M)</string>
      <string id="acc_video_transcript_list">Transcript</string>
      <string id="acc_visited">visited</string>
      <string id="acc_volume">volume</string>
      <string id="acc_window_close">Close</string>
      <string id="acc_window_move">Move window</string>
      <string id="acc_window_options">Options</string>
      <string id="acc_window_resize">Resize window</string>
      <string id="accessible_text">Accessible text</string>
      <string id="acctext_shortcut">Toggle accessible text</string>
      <string id="action">Action</string>
      <string id="alt_key">Alt</string>
      <string id="background_audio">Background audio</string>
      <string id="background_audio_shortcut">Toggle background audio</string>
      <string id="bio">Bio</string>
      <string id="check_include">Check to include</string>
      <string id="clear">Clear and return to menu</string>
      <string id="close">Close</string>
      <string id="closed_captions">Captions</string>
      <string id="closed_captions_tip">Closed Captions</string>
      <string id="closedcaptions_shortcut">Toggle closed captions</string>
      <string id="continue">Continue</string>
      <string id="continueresponsive">Continue</string>
      <string id="ctrl_key">Ctrl</string>
      <string id="definition">Definition</string>
      <string id="desktop_start">Start Course</string>
      <string id="disabled_orientation">Please rotate your device</string>
      <string id="enable_keyboardshortcuts">Enable keyboard shortcuts</string>
      <string id="enter_key">Enter</string>
      <string id="exit">Exit</string>
      <string id="filter">Filter</string>
      <string id="finish">FINISH</string>
      <string id="fullscreen_shortcut">Toggle full-screen mode</string>
      <string id="glossary">Glossary</string>
      <string id="keyboardshortcuts">Keyboard Shortcuts</string>
      <string id="keyboardshortcuts_lower">Keyboard shortcuts</string>
      <string id="mobile_start">Start Course</string>
      <string id="modern_video_captions_label">Captions</string>
      <string id="modern_video_captions_off">Off</string>
      <string id="modern_video_captions_on">On</string>
      <string id="modern_video_normal_speed">Normal</string>
      <string id="modern_video_playback_settings">Video Playback Settings</string>
      <string id="modern_video_playback_speed_title">Playback Speed</string>
      <string id="modern_video_settings_close">close video settings</string>
      <string id="more_info">More info</string>
      <string id="mute_shortcut">Mute / Unmute</string>
      <string id="mute_tip">Mute</string>
      <string id="next">NEXT</string>
      <string id="next_shortcut">Next Slide</string>
      <string id="next_slide_tip">Next Slide</string>
      <string id="outline">Menu</string>
      <string id="pause_tip">Pause</string>
      <string id="play_tip">Play</string>
      <string id="playback_speed_normal">Normal</string>
      <string id="playback_speed_title">Playback Speed</string>
      <string id="playpause_shortcut">Play / Pause</string>
      <string id="prev">PREV</string>
      <string id="previous_shortcut">Previous Slide</string>
      <string id="previous_slide_tip">Previous Slide</string>
      <string id="progress_hour">hour</string>
      <string id="progress_hours">hours</string>
      <string id="progress_minute">minute</string>
      <string id="progress_minutes">minutes</string>
      <string id="progress_second">second</string>
      <string id="progress_seconds">seconds</string>
      <string id="question_list">Question List</string>
      <string id="replay_shortcut">Replay Slide</string>
      <string id="replay_tip">Replay Slide</string>
      <string id="resources">Resources</string>
      <string id="restart">Restart</string>
      <string id="resume">Resume</string>
      <string id="search">Search...</string>
      <string id="search_in">Search in:</string>
      <string id="search_results">Search Results</string>
      <string id="search_toggle">Search</string>
      <string id="send_an_email">Send an email</string>
      <string id="settings_tip">Settings</string>
      <string id="shift_key">Shift</string>
      <string id="shortcut">Shortcut</string>
      <string id="shortcuthelp">List keyboard shortcuts</string>
      <string id="sidebar_toggle">Sidebar Toggle</string>
      <string id="slide_text_chk">Slide Text</string>
      <string id="spacebar_key">Space</string>
      <string id="streaming_video_local_playback_learn_more">Learn More</string>
      <string id="streaming_video_local_playback_republish">To watch this video, use the preview feature in Storyline 360, upload your published output to a server, publish to Review 360, or switch to static video quality.</string>
      <string id="streaming_video_local_playback_title">Streaming video is unavailable for local playback.</string>
      <string id="submit">SUBMIT</string>
      <string id="submit_shortcut">Submit Slide</string>
      <string id="submit_tip">Submit</string>
      <string id="submitall">SUBMIT ALL</string>
      <string id="terms">Terms</string>
      <string id="three_image_audio">audio</string>
      <string id="three_image_camera_down">camera moved down</string>
      <string id="three_image_camera_left">camera moved left</string>
      <string id="three_image_camera_right">camera moved right</string>
      <string id="three_image_camera_up">camera moved up</string>
      <string id="three_image_count_of_total">%count% of %total%</string>
      <string id="three_image_count_of_total_visited">%count% of %total% visited</string>
      <string id="three_image_hotspot">hotspot</string>
      <string id="three_image_instructions">Use your arrow keys to move around the 360 degree image. Press the tab key to jump to interactive markers and hotspots.</string>
      <string id="three_image_interaction">360 degree image interaction</string>
      <string id="three_image_interaction_free">free exploration mode</string>
      <string id="three_image_interaction_guided">guided tour mode</string>
      <string id="three_image_interaction_next">next</string>
      <string id="three_image_interaction_prev">previous</string>
      <string id="three_image_interaction_step">step</string>
      <string id="three_image_item">item</string>
      <string id="three_image_items">items</string>
      <string id="three_image_label">label</string>
      <string id="three_image_marker">marker</string>
      <string id="three_image_of">of</string>
      <string id="three_image_pause_audio">pause audio</string>
      <string id="three_image_pause_video">pause video</string>
      <string id="three_image_play_audio">play audio</string>
      <string id="three_image_play_video">play video</string>
      <string id="three_image_progress_audio">progress</string>
      <string id="three_image_progress_video">progress</string>
      <string id="three_image_tooltip">tooltip</string>
      <string id="three_image_total_item">%total% item</string>
      <string id="three_image_total_items">%total% items</string>
      <string id="three_image_video">video</string>
      <string id="three_image_video_volume">video volume</string>
      <string id="three_image_visited">visited</string>
      <string id="togglezoom">Switch zoom modes</string>
      <string id="transcript">Notes</string>
      <string id="transcript_auto_scroll">Autoscroll</string>
      <string id="transcript_chk">Notes</string>
      <string id="transcript_show_timestamp">Show timestamps</string>
      <string id="unmute_tip">Unmute</string>
      <string id="video_transcript_resume_autoscroll">Resume autoscroll</string>
      <string id="video_transcript_select_track">Select track</string>
      <string id="video_transcript_title">Transcripts</string>
      <string id="zoom_to_fit">Zoom to fit</string>
    </string_table>
  </string_tables>
  <fonts>
    <font name="Montserrat">
      <files>
        <file bold="true" italic="false" />
        <file bold="false" italic="false" />
      </files>
    </font>
  </fonts>
  <sounds enabled="true" />
  <nav_data>
    <outline>
      <links>
        <slidelink slideid="_player.631snBIthxV" displaytext="Merchandising KPIs" expand="true" type="slide">
          <links>
            <slidelink slideid="_player.631snBIthxV.66hmVP2sNov" displaytext="Launch Slide" expand="false" type="slide" />
            <slidelink slideid="_player.631snBIthxV.5cEDO0XSPPw" displaytext="Navigation Tour" expand="false" type="slide" />
            <slidelink slideid="_player.631snBIthxV.6Z58Sn7bcDm" displaytext="Course Objectives" expand="false" type="slide" />
            <slidelink slideid="_player.631snBIthxV.6AOVkxkSAJE" displaytext="Merchandising KPIs" expand="false" type="slide" />
            <slidelink slideid="_player.631snBIthxV.6P7sjiosS1l" displaytext="What is Turnover?" expand="false" type="slide" />
            <slidelink slideid="_player.631snBIthxV.65K3G4WalRb" displaytext="Knowledge Check" expand="false" type="slide" />
            <slidelink slideid="_player.631snBIthxV.65ya4sghIKy" displaytext="What Is SOR?" expand="false" type="slide" />
            <slidelink slideid="_player.631snBIthxV.6pGah6mdCcR" displaytext="Summary" expand="false" type="slide" />
            <slidelink slideid="_player.631snBIthxV.5qq87x39XTP" displaytext="Assessment" expand="false" type="slide" />
          </links>
        </slidelink>
      </links>
    </outline>
    <search>
      <slidetext slideid="631snBIthxV.66hmVP2sNov" slidebank="false" type="slide">launch course launch course launch course welcome to the module on merchandising kpis this module is a tool for understanding the merchandising key performance indicators (kpis). launch course launch course launch course launch course</slidetext>
      <slidetext slideid="631snBIthxV.5cEDO0XSPPw" slidebank="false" type="slide">navigation tour                         the progress bar indicates the progress of each slide in the module. the menu button enables you to view the slides in the module and the status of completion of each slide. the &lt; prev button enables you to move to the previous slide in the module. the next &gt; button enables you to move to the next slide in the module. select the play/pause toggle button to play or pause a slide. select the replay button to view the slide again. the resources tab on the upper right corner gives you access to supplementary documents - glossary and examples. the volume button enables you to adjust the volume of the course. the glossary is a list of frequently used words and their meanings. the exit button closes the course. next prev click next &gt; to move to the next screen.</slidetext>
      <slidetext slideid="631snBIthxV.6Z58Sn7bcDm" slidebank="false" type="slide">course objectives by the end of this course, you should be able to: explain the following merchandising kpis in detail: turnover sales margin sell out rate (sor) stock turn quality of stock click next &gt; to move to the next screen.</slidetext>
      <slidetext slideid="631snBIthxV.6AOVkxkSAJE" slidebank="false" type="slide">merchandising kpis the merchandising kpis are metrics that are used to measure the performance of an opco or a region. these are: turnover sales margin sell out rate (sor)  stock turn quality of stock the end-of-season analysis is performed based on these kpis and performance is gauged against the allocated budget for the last year’s performance. click next &gt; to move to the next screen.</slidetext>
      <slidetext slideid="631snBIthxV.6P7sjiosS1l" slidebank="false" type="slide">what is turnover? equivalent to revenue total amount of money generated from sales for a specific period net sales as it includes: discounts  deductions from returned merchandise revenue called the ‘top line because: it sits on top of the income statement. turnover click next &gt; to move to the next screen.</slidetext>
      <slidetext slideid="631snBIthxV.65K3G4WalRb" slidebank="false" type="slide">quiz results data knowledge check  click next &gt; to move to the next screen.</slidetext>
      <slidetext slideid="631snBIthxV.6kNWbJwv61o" slidebank="false" type="slide">incorrect not quite!  try again try again try again try again try again try again incorrect click the below link to review the topic: what is turnover?  click next &gt; to move to the next screen. that’s correct! well done! click next &gt; to move to the next screen. knowledge check  identify the statements as correct or incorrect definitions of turnover. drag and drop the statements to their respective boxes. it is turnover it is not turnover amount of money a company retains after incurring the direct costs amount of money a company retains after incurring the direct costs amount of money a company retains after incurring the direct costs revenue or the total amount of money generated from sales revenue or the total amount of money generated from sales revenue or the total amount of money generated from sales net sales that includes discounts and deductions from returned merchandise net sales that includes discounts and deductions from returned merchandise net sales that includes discounts and deductions from returned merchandise revenue which is typically called the ‘top line’ revenue which is typically called the ‘top line’ revenue which is typically called the ‘top line’ used to pay other costs or satisfy debt obligations used to pay other costs or satisfy debt obligations used to pay other costs or satisfy debt obligations submit submit submit submit submit</slidetext>
      <slidetext slideid="631snBIthxV.65ya4sghIKy" slidebank="false" type="slide">what is sor?  sell out rate (sor) sales to date total quantity received to date   sell out rate (sor): performance regardless of the season of purchase shows how well a collection or article is performing calculated at all levels from division/category down to article level denoted by a  progressive percentage ratio click next &gt; to move to the next screen.</slidetext>
      <slidetext slideid="631snBIthxV.6pGah6mdCcR" slidebank="false" type="slide">summary  the merchandising kpis are as follows: turnover sales margin sell out rate (sor) stock turn quality of stock the key takeaways from this course are:  click next &gt; to move to the next screen.</slidetext>
      <slidetext slideid="631snBIthxV.5qq87x39XTP" slidebank="false" type="slide">final assessment to complete the course, you must take the final assessment. the passing score on the assessment is 80 per cent.  while taking the assessment, you will not be able to access any other part of the course.  the assessment has 5 questions. you have unlimited attempts to take this assessment.  begin assessment  begin assessment  begin assessment  begin assessment  </slidetext>
      <slidetext slideid="6LQkIL4f11b" slidebank="true" type="slide">sales margin sales margin sales margin sales margin sales margin sales margin turnover turnover turnover turnover turnover turnover gross profit gross profit gross profit gross profit gross profit gross profit sell out rate (sor) sell out rate (sor) sell out rate (sor) sell out rate (sor) sell out rate (sor) sell out rate (sor) assessment question 1  _____________ shows how well a collection or article is performing.  select correct option and then click submit.  submit submit submit submit submit</slidetext>
      <slidetext slideid="65brQjje0f8" slidebank="true" type="slide">reduce holding and obsolescence costs reduce holding and obsolescence costs reduce holding and obsolescence costs reduce holding and obsolescence costs reduce holding and obsolescence costs reduce holding and obsolescence costs excess inventory ties up a company’s cash excess inventory ties up a company’s cash excess inventory ties up a company’s cash excess inventory ties up a company’s cash excess inventory ties up a company’s cash excess inventory ties up a company’s cash goods do not stay in the warehouse for a longer period goods do not stay in the warehouse for a longer period goods do not stay in the warehouse for a longer period goods do not stay in the warehouse for a longer period goods do not stay in the warehouse for a longer period goods do not stay in the warehouse for a longer period money can be re-invested in new inventory money can be re-invested in new inventory money can be re-invested in new inventory money can be re-invested in new inventory money can be re-invested in new inventory money can be re-invested in new inventory assessment question 2  what is the consequence of stock having a low inventory turnover?  select correct option and then click submit.  submit submit submit submit submit</slidetext>
      <slidetext slideid="6ZhYhRaAjK0" slidebank="true" type="slide">capital capital capital capital capital capital gross profit gross profit gross profit gross profit gross profit gross profit turnover turnover turnover turnover turnover turnover stock stock stock stock stock stock assessment question 3  higher the sales margin, greater the ___________ a company retains.  select correct option and then click submit.  submit submit submit submit submit</slidetext>
      <slidetext slideid="5b6dWrwlaRS" slidebank="true" type="slide">end-of-season analysis end-of-season analysis end-of-season analysis end-of-season analysis end-of-season analysis end-of-season analysis budget analysis budget analysis budget analysis budget analysis budget analysis budget analysis all-season analysis all-season analysis all-season analysis all-season analysis all-season analysis all-season analysis all of the above all of the above all of the above all of the above all of the above all of the above assessment question 4  the ____________ is performed based on the merchandising kpis and performance is gauged against the allocated budget.  select correct option and then click submit.  submit submit submit submit submit</slidetext>
      <slidetext slideid="5d9oJGVye5J" slidebank="true" type="slide">sales to date total quantity received to date sales to date total quantity received to date sales to date total quantity received to date sales to date total quantity received to date sales to date total quantity received to date sales to date total quantity received to date rolling 12 months’ cogs at standard cost average gross inventory at standard cost at 13th month rolling 12 months’ cogs at standard cost average gross inventory at standard cost at 13th month rolling 12 months’ cogs at standard cost average gross inventory at standard cost at 13th month rolling 12 months’ cogs at standard cost average gross inventory at standard cost at 13th month rolling 12 months’ cogs at standard cost average gross inventory at standard cost at 13th month rolling 12 months’ cogs at standard cost average gross inventory at standard cost at 13th month net sales - cost of goods sold (cogs) net sales - cost of goods sold (cogs) net sales - cost of goods sold (cogs) net sales - cost of goods sold (cogs) net sales - cost of goods sold (cogs) net sales - cost of goods sold (cogs) total amount of money generated from sales total amount of money generated from sales total amount of money generated from sales total amount of money generated from sales total amount of money generated from sales total amount of money generated from sales assessment question 5  stock turn is calculated using the formula ______________.  select correct option and then click submit.    submit submit submit submit submit</slidetext>
    </search>
  </nav_data>
  <resource_data description="" />
  <transcript_data />
  <glossary_data />
</bwFrame>